,Pass Yards,Rush Yards,Score
0,247.92439024390245,116.06829268292682,23.195121951219512
