Home or Away,Pass Yards,Rush Yards,Score
Home,252.99634146341464,115.05365853658536,23.870731707317074
Away,247.92439024390245,116.06829268292682,23.195121951219512
