,Pass Yards,Rush Yards,Score
0,252.99634146341464,115.05365853658536,23.870731707317074
